<?xml version="1.0" encoding="UTF-8"?>
<project-private xmlns="http://www.netbeans.org/ns/project-private/1">
    <editor-bookmarks xmlns="http://www.netbeans.org/ns/editor-bookmarks/2" lastBookmarkId="0"/>
    <open-files xmlns="http://www.netbeans.org/ns/projectui-open-files/2">
        <group>
            <file>file:/C:/Users/KOKE/Documents/proyecto%20flowpics/FlowPicss/nbproject/build-impl.xml</file>
            <file>file:/C:/Users/KOKE/Documents/proyecto%20flowpics/FlowPicss/web/Home.jsp</file>
            <file>file:/C:/Users/KOKE/Documents/proyecto%20flowpics/FlowPicss/web/vistas/add_user.jsp</file>
            <file>file:/C:/Users/KOKE/Documents/proyecto%20flowpics/FlowPicss/web/vistas/list_user.jsp</file>
            <file>file:/C:/Users/KOKE/Documents/proyecto%20flowpics/FlowPicss/src/java/DBconnection/ConnectionDB.java</file>
            <file>file:/C:/Users/KOKE/Documents/proyecto%20flowpics/FlowPicss/web/Forgottenpw.jsp</file>
            <file>file:/C:/Users/KOKE/Documents/proyecto%20flowpics/FlowPicss/web/index.jsp</file>
            <file>file:/C:/Users/KOKE/Documents/proyecto%20flowpics/FlowPicss/web/css/master.css</file>
            <file>file:/C:/Users/KOKE/Documents/proyecto%20flowpics/FlowPicss/web/css/principal.css</file>
            <file>file:/C:/Users/KOKE/Documents/proyecto%20flowpics/FlowPicss/src/java/com/dbusersDAO/UsersDAO.java</file>
            <file>file:/C:/Users/KOKE/Documents/proyecto%20flowpics/FlowPicss/web/vistas/edit_user.jsp</file>
        </group>
    </open-files>
</project-private>
